{"cameraMode":{"drawMode":0,"name":"Shaded","section":"Shading Mode"},"sceneLighting":true,"audioPlay":false,"sceneViewState":{"m_AlwaysRefresh":false,"showFog":true,"showSkybox":true,"showFlares":true,"showImageEffects":true,"showParticleSystems":true,"showVisualEffectGraphs":true,"m_FxEnabled":true},"in2DMode":false,"pivot":{"x":-25.890697479248048,"y":1.4135968685150147,"z":-32.59086990356445},"rotation":{"x":-0.08560162037611008,"y":0.8185378909111023,"z":-0.12646840512752534,"w":-0.5538574457168579},"size":25.906896591186525,"orthographic":false}